dataset,model,scenario,overlap_count,jaccard,clean_top_k,perturbed_top_k,source_file
diamonds_v2,catboost,missingness,8,0.6666666666666666,"[""carat_weight"", ""color"", ""clarity"", ""meas_depth"", ""meas_width"", ""meas_length"", ""cut"", ""fancy_color_dominant_color"", ""lab"", ""fancy_color_intensity""]","[""carat_weight"", ""color"", ""clarity"", ""meas_width"", ""lab"", ""fancy_color_dominant_color"", ""cut"", ""meas_length"", ""fluor_intensity"", ""table_percent""]",results/robustness_challenges/shap_delta_diamonds_v2_catboost.json
diamonds_v2,catboost,high_cardinality,10,1.0,"[""carat_weight"", ""color"", ""clarity"", ""meas_depth"", ""meas_width"", ""meas_length"", ""cut"", ""fancy_color_dominant_color"", ""lab"", ""fancy_color_intensity""]","[""carat_weight"", ""color"", ""clarity"", ""meas_width"", ""meas_length"", ""meas_depth"", ""lab"", ""fancy_color_dominant_color"", ""cut"", ""fancy_color_intensity""]",results/robustness_challenges/shap_delta_diamonds_v2_catboost.json
diamonds_v2,lgbm,missingness,9,0.8181818181818182,"[""Unnamed: 0"", ""carat_weight"", ""color"", ""clarity"", ""table_percent"", ""meas_width"", ""meas_depth"", ""depth_percent"", ""symmetry"", ""meas_length""]","[""Unnamed: 0"", ""carat_weight"", ""color"", ""clarity"", ""depth_percent"", ""meas_depth"", ""meas_width"", ""table_percent"", ""symmetry"", ""fluor_intensity""]",results/robustness_challenges/shap_delta_diamonds_v2_lgbm.json
diamonds_v2,lgbm,high_cardinality,8,0.6666666666666666,"[""Unnamed: 0"", ""carat_weight"", ""color"", ""clarity"", ""table_percent"", ""meas_width"", ""meas_depth"", ""depth_percent"", ""symmetry"", ""meas_length""]","[""Unnamed: 0"", ""carat_weight"", ""color"", ""clarity"", ""meas_depth"", ""meas_length"", ""depth_percent"", ""high_card_1"", ""table_percent"", ""cut_quality""]",results/robustness_challenges/shap_delta_diamonds_v2_lgbm.json
diamonds_v2,mlp,missingness,9,0.8181818181818182,"[""carat_weight"", ""color"", ""clarity"", ""cut"", ""meas_length"", ""table_percent"", ""fluor_intensity"", ""meas_width"", ""girdle_max"", ""girdle_min""]","[""color"", ""clarity"", ""cut"", ""meas_length"", ""meas_width"", ""table_percent"", ""carat_weight"", ""girdle_min"", ""meas_depth"", ""girdle_max""]",results/robustness_challenges/shap_delta_diamonds_v2_mlp.json
diamonds_v2,mlp,high_cardinality,5,0.3333333333333333,"[""carat_weight"", ""color"", ""clarity"", ""cut"", ""meas_length"", ""table_percent"", ""fluor_intensity"", ""meas_width"", ""girdle_max"", ""girdle_min""]","[""cut"", ""eye_clean"", ""high_card_0"", ""clarity"", ""high_card_1"", ""girdle_max"", ""meas_depth"", ""culet_size"", ""table_percent"", ""carat_weight""]",results/robustness_challenges/shap_delta_diamonds_v2_mlp.json
diamonds_v2,rf,missingness,9,0.8181818181818182,"[""carat_weight"", ""cut"", ""meas_length"", ""color"", ""depth_percent"", ""culet_condition"", ""fluor_color"", ""table_percent"", ""clarity"", ""meas_depth""]","[""carat_weight"", ""color"", ""meas_depth"", ""cut"", ""depth_percent"", ""table_percent"", ""meas_length"", ""fluor_color"", ""girdle_max"", ""culet_condition""]",results/robustness_challenges/shap_delta_diamonds_v2_rf.json
diamonds_v2,rf,high_cardinality,7,0.5384615384615384,"[""carat_weight"", ""cut"", ""meas_length"", ""color"", ""depth_percent"", ""culet_condition"", ""fluor_color"", ""table_percent"", ""clarity"", ""meas_depth""]","[""carat_weight"", ""high_card_1"", ""cut"", ""depth_percent"", ""color"", ""table_percent"", ""polish"", ""fluor_color"", ""meas_depth"", ""girdle_max""]",results/robustness_challenges/shap_delta_diamonds_v2_rf.json
diamonds_v2,tabnet,missingness,6,0.42857142857142855,"[""carat_weight"", ""meas_length"", ""meas_width"", ""color"", ""clarity"", ""cut_quality"", ""fluor_intensity"", ""symmetry"", ""fluor_color"", ""table_percent""]","[""carat_weight"", ""meas_length"", ""meas_width"", ""color"", ""clarity"", ""cut_quality"", ""culet_condition"", ""lab"", ""meas_depth"", ""depth_percent""]",results/robustness_challenges/shap_delta_diamonds_v2_tabnet.json
diamonds_v2,tabnet,high_cardinality,6,0.42857142857142855,"[""carat_weight"", ""meas_length"", ""meas_width"", ""color"", ""clarity"", ""cut_quality"", ""fluor_intensity"", ""symmetry"", ""fluor_color"", ""table_percent""]","[""carat_weight"", ""color"", ""meas_length"", ""meas_width"", ""clarity"", ""high_card_1"", ""cut_quality"", ""meas_depth"", ""lab"", ""depth_percent""]",results/robustness_challenges/shap_delta_diamonds_v2_tabnet.json
diamonds_v2,xgboost,missingness,9,0.8181818181818182,"[""carat_weight"", ""color"", ""clarity"", ""meas_length"", ""meas_width"", ""meas_depth"", ""fancy_color_dominant_color"", ""lab"", ""cut"", ""fluor_intensity""]","[""carat_weight"", ""color"", ""clarity"", ""meas_width"", ""meas_length"", ""lab"", ""fancy_color_dominant_color"", ""cut"", ""cut_quality"", ""fluor_intensity""]",results/robustness_challenges/shap_delta_diamonds_v2_xgboost.json
diamonds_v2,xgboost,high_cardinality,10,1.0,"[""carat_weight"", ""color"", ""clarity"", ""meas_length"", ""meas_width"", ""meas_depth"", ""fancy_color_dominant_color"", ""lab"", ""cut"", ""fluor_intensity""]","[""carat_weight"", ""color"", ""meas_length"", ""clarity"", ""meas_width"", ""meas_depth"", ""lab"", ""fancy_color_dominant_color"", ""cut"", ""fluor_intensity""]",results/robustness_challenges/shap_delta_diamonds_v2_xgboost.json
drybean,apt,missingness,0,0.0,[],[],results/robustness_challenges/shap_delta_drybean_apt.json
drybean,apt,high_cardinality,0,0.0,[],[],results/robustness_challenges/shap_delta_drybean_apt.json
drybean,catboost,missingness,9,0.8181818181818182,"[""V21"", ""V6"", ""V17"", ""V5"", ""V20"", ""V18"", ""V1"", ""V19"", ""V14"", ""V22""]","[""V21"", ""V6"", ""V17"", ""V5"", ""V20"", ""V1"", ""V18"", ""V19"", ""V14"", ""V8""]",results/robustness_challenges/shap_delta_drybean_catboost.json
drybean,catboost,high_cardinality,8,0.6666666666666666,"[""V21"", ""V6"", ""V17"", ""V5"", ""V20"", ""V18"", ""V1"", ""V19"", ""V14"", ""V22""]","[""V21"", ""V6"", ""V17"", ""V5"", ""V20"", ""high_card_0"", ""V18"", ""V19"", ""V1"", ""high_card_1""]",results/robustness_challenges/shap_delta_drybean_catboost.json
drybean,lgbm,missingness,9,0.8181818181818182,"[""V21"", ""V6"", ""V17"", ""V5"", ""V20"", ""V1"", ""V19"", ""V18"", ""V14"", ""V22""]","[""V21"", ""V6"", ""V17"", ""V20"", ""V5"", ""V1"", ""V19"", ""V14"", ""V18"", ""V8""]",results/robustness_challenges/shap_delta_drybean_lgbm.json
drybean,lgbm,high_cardinality,9,0.8181818181818182,"[""V21"", ""V6"", ""V17"", ""V5"", ""V20"", ""V1"", ""V19"", ""V18"", ""V14"", ""V22""]","[""V21"", ""V6"", ""V17"", ""V5"", ""V20"", ""V19"", ""high_card_1"", ""V14"", ""V1"", ""V18""]",results/robustness_challenges/shap_delta_drybean_lgbm.json
drybean,mlp,missingness,10,1.0,"[""V21"", ""V17"", ""V6"", ""V5"", ""V20"", ""V19"", ""V18"", ""V14"", ""V1"", ""V22""]","[""V21"", ""V17"", ""V5"", ""V6"", ""V20"", ""V18"", ""V14"", ""V19"", ""V1"", ""V22""]",results/robustness_challenges/shap_delta_drybean_mlp.json
drybean,mlp,high_cardinality,8,0.6666666666666666,"[""V21"", ""V17"", ""V6"", ""V5"", ""V20"", ""V19"", ""V18"", ""V14"", ""V1"", ""V22""]","[""high_card_0"", ""high_card_1"", ""V21"", ""V5"", ""V20"", ""V19"", ""V17"", ""V18"", ""V14"", ""V6""]",results/robustness_challenges/shap_delta_drybean_mlp.json
drybean,rf,missingness,10,1.0,"[""V21"", ""V20"", ""V17"", ""V6"", ""V5"", ""V1"", ""V18"", ""V19"", ""V14"", ""V22""]","[""V21"", ""V20"", ""V17"", ""V6"", ""V5"", ""V1"", ""V18"", ""V19"", ""V14"", ""V22""]",results/robustness_challenges/shap_delta_drybean_rf.json
drybean,rf,high_cardinality,8,0.6666666666666666,"[""V21"", ""V20"", ""V17"", ""V6"", ""V5"", ""V1"", ""V18"", ""V19"", ""V14"", ""V22""]","[""V21"", ""V20"", ""V17"", ""V5"", ""V6"", ""V1"", ""high_card_1"", ""high_card_0"", ""V19"", ""V18""]",results/robustness_challenges/shap_delta_drybean_rf.json
drybean,tabnet,missingness,10,1.0,"[""V21"", ""V17"", ""V6"", ""V5"", ""V14"", ""V20"", ""V19"", ""V18"", ""V1"", ""V8""]","[""V6"", ""V21"", ""V17"", ""V18"", ""V20"", ""V1"", ""V19"", ""V14"", ""V5"", ""V8""]",results/robustness_challenges/shap_delta_drybean_tabnet.json
drybean,tabnet,high_cardinality,8,0.6666666666666666,"[""V21"", ""V17"", ""V6"", ""V5"", ""V14"", ""V20"", ""V19"", ""V18"", ""V1"", ""V8""]","[""V21"", ""V5"", ""V20"", ""V6"", ""high_card_1"", ""high_card_0"", ""V1"", ""V18"", ""V17"", ""V19""]",results/robustness_challenges/shap_delta_drybean_tabnet.json
drybean,tabpfn,missingness,0,0.0,[],[],results/robustness_challenges/shap_delta_drybean_tabpfn.json
drybean,tabpfn,high_cardinality,0,0.0,[],[],results/robustness_challenges/shap_delta_drybean_tabpfn.json
drybean,xgboost,missingness,10,1.0,"[""V21"", ""V6"", ""V17"", ""V20"", ""V5"", ""V19"", ""V1"", ""V18"", ""V14"", ""V22""]","[""V21"", ""V6"", ""V17"", ""V5"", ""V20"", ""V1"", ""V19"", ""V18"", ""V14"", ""V22""]",results/robustness_challenges/shap_delta_drybean_xgboost.json
drybean,xgboost,high_cardinality,8,0.6666666666666666,"[""V21"", ""V6"", ""V17"", ""V20"", ""V5"", ""V19"", ""V1"", ""V18"", ""V14"", ""V22""]","[""V21"", ""V6"", ""V17"", ""V20"", ""V5"", ""high_card_1"", ""V19"", ""V1"", ""high_card_0"", ""V18""]",results/robustness_challenges/shap_delta_drybean_xgboost.json
mnist,apt,missingness,0,0.0,[],[],results/robustness_challenges/shap_delta_mnist_apt.json
mnist,apt,high_cardinality,0,0.0,[],[],results/robustness_challenges/shap_delta_mnist_apt.json
mnist,catboost,missingness,10,1.0,"[""pixel_0_3"", ""pixel_0_2"", ""pixel_1_1"", ""pixel_0_4"", ""pixel_0_5"", ""pixel_0_6"", ""pixel_1_0"", ""pixel_0_1"", ""pixel_0_0"", ""pixel_0_7""]","[""pixel_0_2"", ""pixel_0_3"", ""pixel_1_1"", ""pixel_0_4"", ""pixel_0_5"", ""pixel_0_6"", ""pixel_1_0"", ""pixel_0_0"", ""pixel_0_1"", ""pixel_0_7""]",results/robustness_challenges/shap_delta_mnist_catboost.json
mnist,catboost,high_cardinality,10,1.0,"[""pixel_0_3"", ""pixel_0_2"", ""pixel_1_1"", ""pixel_0_4"", ""pixel_0_5"", ""pixel_0_6"", ""pixel_1_0"", ""pixel_0_1"", ""pixel_0_0"", ""pixel_0_7""]","[""pixel_0_3"", ""pixel_0_2"", ""pixel_1_1"", ""pixel_0_4"", ""pixel_1_0"", ""pixel_0_5"", ""pixel_0_6"", ""pixel_0_1"", ""pixel_0_0"", ""pixel_0_7""]",results/robustness_challenges/shap_delta_mnist_catboost.json
mnist,mlp,missingness,2,0.1111111111111111,"[""pixel_1_5"", ""pixel_7_6"", ""pixel_2_2"", ""pixel_2_4"", ""pixel_2_5"", ""pixel_1_1"", ""pixel_3_5"", ""pixel_2_1"", ""pixel_0_5"", ""pixel_0_4""]","[""pixel_4_4"", ""pixel_0_7"", ""pixel_3_3"", ""pixel_5_5"", ""pixel_6_7"", ""pixel_3_6"", ""pixel_4_3"", ""pixel_7_6"", ""pixel_2_5"", ""pixel_1_3""]",results/robustness_challenges/shap_delta_mnist_mlp.json
mnist,mlp,high_cardinality,2,0.1111111111111111,"[""pixel_1_5"", ""pixel_7_6"", ""pixel_2_2"", ""pixel_2_4"", ""pixel_2_5"", ""pixel_1_1"", ""pixel_3_5"", ""pixel_2_1"", ""pixel_0_5"", ""pixel_0_4""]","[""pixel_4_6"", ""pixel_5_1"", ""pixel_2_3"", ""pixel_7_3"", ""pixel_2_2"", ""pixel_6_6"", ""high_card_0"", ""pixel_6_5"", ""pixel_2_5"", ""pixel_5_3""]",results/robustness_challenges/shap_delta_mnist_mlp.json
mnist,rf,missingness,7,0.5384615384615384,"[""pixel_2_5"", ""pixel_5_3"", ""pixel_3_2"", ""pixel_4_4"", ""pixel_5_2"", ""pixel_3_6"", ""pixel_4_1"", ""pixel_4_6"", ""pixel_7_5"", ""pixel_4_2""]","[""pixel_2_5"", ""pixel_5_3"", ""pixel_3_2"", ""pixel_5_2"", ""pixel_3_6"", ""pixel_4_6"", ""pixel_3_4"", ""pixel_6_6"", ""pixel_6_5"", ""pixel_4_2""]",results/robustness_challenges/shap_delta_mnist_rf.json
mnist,rf,high_cardinality,9,0.8181818181818182,"[""pixel_2_5"", ""pixel_5_3"", ""pixel_3_2"", ""pixel_4_4"", ""pixel_5_2"", ""pixel_3_6"", ""pixel_4_1"", ""pixel_4_6"", ""pixel_7_5"", ""pixel_4_2""]","[""pixel_2_5"", ""pixel_5_3"", ""pixel_3_2"", ""pixel_5_2"", ""pixel_4_6"", ""pixel_3_6"", ""pixel_4_4"", ""pixel_4_1"", ""pixel_3_4"", ""pixel_7_5""]",results/robustness_challenges/shap_delta_mnist_rf.json
mnist,tabnet,missingness,1,0.05263157894736842,"[""pixel_0_4"", ""pixel_4_2"", ""pixel_5_3"", ""pixel_1_1"", ""pixel_0_5"", ""pixel_2_1"", ""pixel_3_5"", ""pixel_5_7"", ""pixel_2_5"", ""pixel_0_6""]","[""pixel_6_6"", ""pixel_7_2"", ""pixel_4_5"", ""pixel_7_5"", ""pixel_4_3"", ""pixel_7_7"", ""pixel_4_2"", ""pixel_2_2"", ""pixel_4_1"", ""pixel_1_2""]",results/robustness_challenges/shap_delta_mnist_tabnet.json
mnist,tabnet,high_cardinality,1,0.05263157894736842,"[""pixel_0_4"", ""pixel_4_2"", ""pixel_5_3"", ""pixel_1_1"", ""pixel_0_5"", ""pixel_2_1"", ""pixel_3_5"", ""pixel_5_7"", ""pixel_2_5"", ""pixel_0_6""]","[""pixel_7_4"", ""pixel_4_1"", ""pixel_3_1"", ""pixel_4_2"", ""pixel_3_3"", ""pixel_6_7"", ""pixel_6_4"", ""pixel_5_5"", ""pixel_4_5"", ""pixel_6_6""]",results/robustness_challenges/shap_delta_mnist_tabnet.json
mnist,tabpfn,missingness,0,0.0,[],[],results/robustness_challenges/shap_delta_mnist_tabpfn.json
mnist,tabpfn,high_cardinality,0,0.0,[],[],results/robustness_challenges/shap_delta_mnist_tabpfn.json
mnist,xgboost,missingness,8,0.6666666666666666,"[""pixel_2_5"", ""pixel_3_2"", ""pixel_5_2"", ""pixel_5_3"", ""pixel_4_4"", ""pixel_7_5"", ""pixel_6_5"", ""pixel_3_3"", ""pixel_2_4"", ""pixel_4_6""]","[""pixel_2_5"", ""pixel_3_2"", ""pixel_5_2"", ""pixel_5_3"", ""pixel_6_5"", ""pixel_3_4"", ""pixel_3_3"", ""pixel_6_6"", ""pixel_2_4"", ""pixel_4_6""]",results/robustness_challenges/shap_delta_mnist_xgboost.json
mnist,xgboost,high_cardinality,9,0.8181818181818182,"[""pixel_2_5"", ""pixel_3_2"", ""pixel_5_2"", ""pixel_5_3"", ""pixel_4_4"", ""pixel_7_5"", ""pixel_6_5"", ""pixel_3_3"", ""pixel_2_4"", ""pixel_4_6""]","[""pixel_2_5"", ""pixel_5_2"", ""pixel_3_2"", ""pixel_5_3"", ""pixel_7_5"", ""pixel_4_4"", ""pixel_3_3"", ""pixel_2_4"", ""pixel_6_5"", ""pixel_3_4""]",results/robustness_challenges/shap_delta_mnist_xgboost.json
telco,apt,missingness,0,0.0,[],[],results/robustness_challenges/shap_delta_telco_apt.json
telco,apt,high_cardinality,0,0.0,[],[],results/robustness_challenges/shap_delta_telco_apt.json
telco,catboost,missingness,9,0.8181818181818182,"[""Contract"", ""tenure"", ""OnlineSecurity"", ""MonthlyCharges"", ""InternetService"", ""TechSupport"", ""TotalCharges"", ""PaymentMethod"", ""MultipleLines"", ""customerID""]","[""Contract"", ""tenure"", ""InternetService"", ""TechSupport"", ""OnlineSecurity"", ""TotalCharges"", ""PaymentMethod"", ""MultipleLines"", ""StreamingMovies"", ""MonthlyCharges""]",results/robustness_challenges/shap_delta_telco_catboost.json
telco,catboost,high_cardinality,9,0.8181818181818182,"[""Contract"", ""tenure"", ""OnlineSecurity"", ""MonthlyCharges"", ""InternetService"", ""TechSupport"", ""TotalCharges"", ""PaymentMethod"", ""MultipleLines"", ""customerID""]","[""Contract"", ""tenure"", ""InternetService"", ""TechSupport"", ""OnlineSecurity"", ""MonthlyCharges"", ""PaymentMethod"", ""MultipleLines"", ""TotalCharges"", ""OnlineBackup""]",results/robustness_challenges/shap_delta_telco_catboost.json
telco,mlp,missingness,7,0.5384615384615384,"[""InternetService"", ""tenure"", ""TechSupport"", ""gender"", ""PaymentMethod"", ""Contract"", ""OnlineSecurity"", ""MultipleLines"", ""MonthlyCharges"", ""TotalCharges""]","[""StreamingTV"", ""MultipleLines"", ""MonthlyCharges"", ""gender"", ""tenure"", ""Contract"", ""OnlineSecurity"", ""OnlineBackup"", ""PaymentMethod"", ""PhoneService""]",results/robustness_challenges/shap_delta_telco_mlp.json
telco,mlp,high_cardinality,5,0.3333333333333333,"[""InternetService"", ""tenure"", ""TechSupport"", ""gender"", ""PaymentMethod"", ""Contract"", ""OnlineSecurity"", ""MultipleLines"", ""MonthlyCharges"", ""TotalCharges""]","[""gender"", ""high_card_0"", ""high_card_1"", ""PaymentMethod"", ""tenure"", ""Partner"", ""SeniorCitizen"", ""InternetService"", ""TechSupport"", ""StreamingTV""]",results/robustness_challenges/shap_delta_telco_mlp.json
telco,rf,missingness,10,1.0,"[""Contract"", ""tenure"", ""OnlineSecurity"", ""TotalCharges"", ""MonthlyCharges"", ""TechSupport"", ""customerID"", ""InternetService"", ""OnlineBackup"", ""PaymentMethod""]","[""Contract"", ""tenure"", ""OnlineSecurity"", ""MonthlyCharges"", ""TotalCharges"", ""customerID"", ""InternetService"", ""TechSupport"", ""OnlineBackup"", ""PaymentMethod""]",results/robustness_challenges/shap_delta_telco_rf.json
telco,rf,high_cardinality,9,0.8181818181818182,"[""Contract"", ""tenure"", ""OnlineSecurity"", ""TotalCharges"", ""MonthlyCharges"", ""TechSupport"", ""customerID"", ""InternetService"", ""OnlineBackup"", ""PaymentMethod""]","[""Contract"", ""tenure"", ""OnlineSecurity"", ""customerID"", ""TotalCharges"", ""MonthlyCharges"", ""InternetService"", ""TechSupport"", ""high_card_0"", ""OnlineBackup""]",results/robustness_challenges/shap_delta_telco_rf.json
telco,tabnet,missingness,8,0.6666666666666666,"[""Contract"", ""TechSupport"", ""tenure"", ""InternetService"", ""TotalCharges"", ""MonthlyCharges"", ""OnlineSecurity"", ""PaperlessBilling"", ""PaymentMethod"", ""MultipleLines""]","[""MonthlyCharges"", ""Contract"", ""TotalCharges"", ""tenure"", ""OnlineBackup"", ""OnlineSecurity"", ""InternetService"", ""PaperlessBilling"", ""TechSupport"", ""DeviceProtection""]",results/robustness_challenges/shap_delta_telco_tabnet.json
telco,tabnet,high_cardinality,7,0.5384615384615384,"[""Contract"", ""TechSupport"", ""tenure"", ""InternetService"", ""TotalCharges"", ""MonthlyCharges"", ""OnlineSecurity"", ""PaperlessBilling"", ""PaymentMethod"", ""MultipleLines""]","[""Contract"", ""MultipleLines"", ""MonthlyCharges"", ""TotalCharges"", ""tenure"", ""high_card_0"", ""StreamingMovies"", ""OnlineBackup"", ""PaymentMethod"", ""InternetService""]",results/robustness_challenges/shap_delta_telco_tabnet.json
telco,xgboost,missingness,9,0.8181818181818182,"[""Contract"", ""tenure"", ""MonthlyCharges"", ""OnlineSecurity"", ""TechSupport"", ""customerID"", ""PaymentMethod"", ""TotalCharges"", ""MultipleLines"", ""PaperlessBilling""]","[""Contract"", ""tenure"", ""MonthlyCharges"", ""OnlineSecurity"", ""customerID"", ""PaymentMethod"", ""TechSupport"", ""TotalCharges"", ""MultipleLines"", ""OnlineBackup""]",results/robustness_challenges/shap_delta_telco_xgboost.json
telco,xgboost,high_cardinality,9,0.8181818181818182,"[""Contract"", ""tenure"", ""MonthlyCharges"", ""OnlineSecurity"", ""TechSupport"", ""customerID"", ""PaymentMethod"", ""TotalCharges"", ""MultipleLines"", ""PaperlessBilling""]","[""Contract"", ""tenure"", ""MonthlyCharges"", ""OnlineSecurity"", ""TechSupport"", ""customerID"", ""PaymentMethod"", ""MultipleLines"", ""TotalCharges"", ""high_card_0""]",results/robustness_challenges/shap_delta_telco_xgboost.json
